ID,0,1
27998,0.6934658307517063,0.30653416924829363
27999,0.5909560941394526,0.4090439058605474
28000,0.641660592877239,0.3583394071227611
28001,0.1982743815456358,0.8017256184543642
28002,0.6534830048887942,0.3465169951112058
28003,0.30459001439661826,0.6954099856033817
28004,0.8808396122825602,0.11916038771743973
28005,0.513791632409405,0.486208367590595
28006,0.8606568070878342,0.13934319291216585
28007,0.712976419460992,0.28702358053900806
28008,0.6992571189192176,0.30074288108078245
28009,0.41388728967100097,0.586112710328999
28010,0.41829028489330444,0.5817097151066956
28011,0.5876784327949913,0.41232156720500873
28012,0.949622946739188,0.05037705326081199
28013,0.7599507660576763,0.2400492339423237
28014,0.7542419343142579,0.24575806568574216
28015,0.7159365251663772,0.2840634748336229
28016,0.27752763076604414,0.7224723692339559
28017,0.4516079450529077,0.5483920549470923
28018,0.87995204779624,0.12004795220375998
28019,0.4581203439464543,0.5418796560535457
28020,0.15582957639283312,0.8441704236071669
28021,0.17167509251036295,0.828324907489637
28022,0.7786160412104817,0.22138395878951833
28023,0.7264321727577777,0.2735678272422223
28024,0.748968349564892,0.251031650435108
28025,0.6710769308026809,0.328923069197319
28026,0.6411221875509105,0.3588778124490894
28027,0.6191155603891976,0.3808844396108025
28028,0.48045232971713137,0.5195476702828686
28029,0.7367996348064783,0.2632003651935218
28030,0.7033078911696762,0.29669210883032376
28031,0.5943654395054179,0.4056345604945822
28032,0.709408860186238,0.29059113981376195
28033,0.1483497691187381,0.8516502308812619
28034,0.5873407517031839,0.4126592482968161
28035,0.892705735486517,0.10729426451348302
28036,0.5777782491042655,0.42222175089573455
28037,0.7269184101829582,0.2730815898170418
28038,0.9508717341909528,0.049128265809047215
28039,0.7193383692409137,0.2806616307590863
28040,0.5851737816021398,0.4148262183978602
28041,0.6346949251938504,0.3653050748061496
28042,0.5081008474292774,0.49189915257072264
28043,0.6143490518431995,0.38565094815680045
28044,0.41683604752654047,0.5831639524734595
28045,0.7985199838262784,0.2014800161737216
28046,0.6376067970135523,0.3623932029864477
28047,0.784624158782497,0.21537584121750297
28048,0.3549596585754279,0.6450403414245721
28049,0.5478132775678326,0.45218672243216745
28050,0.7008356419253343,0.2991643580746656
28051,0.9260364316597418,0.07396356834025823
28052,0.6691760749391489,0.33082392506085107
28053,0.5886849791940182,0.4113150208059818
28054,0.8067445244446347,0.19325547555536532
28055,0.024914320499604625,0.9750856795003954
28056,0.3248237117683882,0.6751762882316118
28057,0.4577696347509337,0.5422303652490663
28058,0.0554960008844001,0.9445039991155999
28059,0.7340286647918213,0.26597133520817867
28060,0.1814605987437854,0.8185394012562146
28061,0.5834890706349409,0.416510929365059
28062,0.0659425092865995,0.9340574907134005
28063,0.7902898719460903,0.20971012805390962
28064,0.5258224803190606,0.47417751968093935
28065,0.6896083873688688,0.31039161263113124
28066,0.25311856541276956,0.7468814345872304
28067,0.6023149518471533,0.3976850481528467
28068,0.8201436560116858,0.17985634398831415
28069,0.7195351541353365,0.2804648458646635
28070,0.86710536752601,0.13289463247399
28071,0.7731853464263082,0.2268146535736918
28072,0.3801707759016728,0.6198292240983272
28073,0.7812768049667356,0.2187231950332644
28074,0.3705310339866593,0.6294689660133407
28075,0.6254351307811565,0.3745648692188434
28076,0.608023526379449,0.391976473620551
28077,0.10282884617122923,0.8971711538287708
28078,0.7136714867593369,0.2863285132406631
28079,0.39223480006725353,0.6077651999327465
28080,0.4833930658486457,0.5166069341513543
28081,0.5486586121830413,0.45134138781695865
28082,0.10008816911167728,0.8999118308883227
28083,0.6405956885512042,0.3594043114487958
28084,0.49151253115245663,0.5084874688475434
28085,0.6275426402291733,0.3724573597708268
28086,0.6735726894704279,0.326427310529572
28087,0.701840468839033,0.29815953116096705
28088,0.5263487439193798,0.4736512560806202
28089,0.8688283132589647,0.13117168674103533
28090,0.663118071990472,0.336881928009528
28091,0.6402623599372306,0.3597376400627695
28092,0.5205236943508591,0.4794763056491409
28093,0.6958097805781013,0.3041902194218987
28094,0.7195351541353365,0.2804648458646635
28095,0.7708495646104163,0.22915043538958363
28096,0.48287149766503534,0.5171285023349647
28097,0.20445675012237352,0.7955432498776265
28098,0.8608377420224091,0.13916225797759083
28099,0.7023221545876104,0.29767784541238956
28100,0.10019653441822574,0.8998034655817743
28101,0.846381625898263,0.15361837410173693
28102,0.5967767935271097,0.40322320647289034
28103,0.18130460665877823,0.8186953933412218
28104,0.2604007172408309,0.7395992827591691
28105,0.48961592794894726,0.5103840720510527
28106,0.8280297074614277,0.17197029253857232
28107,0.8627768909831657,0.13722310901683435
28108,0.4385973932564604,0.5614026067435396
28109,0.0623963165072724,0.9376036834927276
28110,0.45189617067963683,0.5481038293203632
28111,0.9297550649432575,0.07024493505674242
28112,0.6426828263927069,0.35731717360729315
28113,0.7819960675780979,0.2180039324219021
28114,0.7187166138353067,0.2812833861646933
28115,0.6004739714165879,0.3995260285834121
28116,0.1702803607857981,0.8297196392142019
28117,0.8026117008316893,0.19738829916831072
28118,0.6627405470991011,0.33725945290089887
28119,0.6677019456999651,0.33229805430003495
28120,0.5069688595056079,0.4930311404943921
28121,0.7268023257433756,0.2731976742566244
28122,0.6650631290527107,0.33493687094728924
28123,0.7277736045371288,0.27222639546287114
28124,0.577010942400352,0.42298905759964794
28125,0.516873089209106,0.483126910790894
28126,0.3604897308503664,0.6395102691496336
28127,0.29398539364531595,0.706014606354684
28128,0.5290022762177693,0.47099772378223076
28129,0.8861808906619957,0.11381910933800433
28130,0.5775515800301729,0.42244841996982707
28131,0.6629063132516991,0.33709368674830087
28132,0.5755301691447793,0.4244698308552207
28133,0.6013049640372738,0.3986950359627261
28134,0.6031590722420044,0.39684092775799557
28135,0.9320525676330034,0.06794743236699662
28136,0.7578908632059501,0.2421091367940499
28137,0.5827045536231723,0.41729544637682775
28138,0.32852483399971355,0.6714751660002864
28139,0.7365310217808932,0.26346897821910675
28140,0.7235567438917074,0.2764432561082925
28141,0.711928791938365,0.28807120806163505
28142,0.7191219320936459,0.2808780679063541
28143,0.9485832401541806,0.051416759845819414
28144,0.08418419917137077,0.9158158008286292
28145,0.6572336708665294,0.34276632913347055
28146,0.7786004827850027,0.22139951721499732
28147,0.7432990919576745,0.25670090804232554
28148,0.6683538310178423,0.33164616898215765
28149,0.8317516793314021,0.1682483206685978
28150,0.0897964518004124,0.9102035481995876
28151,0.21681841577239824,0.7831815842276018
28152,0.8730520787650499,0.12694792123495016
28153,0.4044500520814538,0.5955499479185462
28154,0.7455937155347634,0.25440628446523667
28155,0.6836568901732774,0.31634310982672265
28156,0.7457441118069819,0.25425588819301814
28157,0.6472851279942307,0.3527148720057694
28158,0.7520390731962793,0.24796092680372073
28159,0.8293696908336412,0.17063030916635885
28160,0.8543690671941837,0.14563093280581635
28161,0.9251290328890489,0.07487096711095109
28162,0.5983739035928273,0.4016260964071728
28163,0.6190272527040582,0.38097274729594177
28164,0.33703114391215205,0.662968856087848
28165,0.7084622477297264,0.29153775227027356
28166,0.4321411548218529,0.5678588451781471
28167,0.6389093112556352,0.36109068874436473
28168,0.6939357993889732,0.30606420061102685
28169,0.7265700392907923,0.2734299607092077
28170,0.7252690545175624,0.27473094548243754
28171,0.14066699605879407,0.8593330039412059
28172,0.5625964964294395,0.43740350357056046
28173,0.6383977624565895,0.3616022375434104
28174,0.5648060769985548,0.43519392300144516
28175,0.7980433548830664,0.2019566451169336
28176,0.6203379463511411,0.3796620536488588
28177,0.21891455039351826,0.7810854496064817
28178,0.5475557761233427,0.45244422387665734
28179,0.29441538347744944,0.7055846165225506
28180,0.5994551213583896,0.40054487864161037
28181,0.6677395383213336,0.33226046167866646
28182,0.34745322680548296,0.652546773194517
28183,0.7260149000655477,0.2739850999344523
28184,0.5356263610658217,0.46437363893417827
28185,0.6480659035051575,0.35193409649484253
28186,0.3950349171893114,0.6049650828106886
28187,0.7068908097854552,0.2931091902145448
28188,0.49825761831086335,0.5017423816891367
28189,0.6714587534910457,0.32854124650895433
28190,0.5505991709703432,0.44940082902965683
28191,0.5821877457171638,0.41781225428283625
28192,0.49805448555938114,0.5019455144406189
28193,0.7677826533122307,0.23221734668776933
28194,0.5545884632453522,0.4454115367546478
28195,0.6348374762066936,0.3651625237933064
28196,0.8410563481924055,0.1589436518075945
28197,0.8520349261629242,0.14796507383707577
28198,0.7475860051253569,0.25241399487464317
28199,0.7879786378758991,0.21202136212410097
28200,0.8373149305191415,0.16268506948085845
28201,0.6554143682823204,0.3445856317176797
28202,0.40391435513690477,0.5960856448630952
28203,0.5033069334359366,0.49669306656406337
28204,0.7540124634227078,0.24598753657729225
28205,0.5510438230959804,0.4489561769040195
28206,0.5911919825388274,0.4088080174611725
28207,0.5699784321085772,0.4300215678914227
28208,0.5955032608148246,0.40449673918517537
28209,0.8292930793173138,0.17070692068268625
28210,0.7033124316184141,0.296687568381586
28211,0.7653524703320194,0.2346475296679807
28212,0.5963622954453965,0.40363770455460346
28213,0.7040295825256118,0.2959704174743882
28214,0.8074864839126414,0.19251351608735853
28215,0.41120454850835586,0.5887954514916441
28216,0.5995601889099809,0.4004398110900192
28217,0.798659086118207,0.201340913881793
28218,0.6680785596809111,0.33192144031908893
28219,0.6236361367352165,0.37636386326478355
28220,0.5806949707300424,0.41930502926995766
28221,0.024914320499604625,0.9750856795003954
28222,0.746794190159684,0.253205809840316
28223,0.6006351437588231,0.39936485624117685
28224,0.7472181395968314,0.2527818604031686
28225,0.5375257473828303,0.46247425261716973
28226,0.7222366616389941,0.27776333836100586
28227,0.7897269007994278,0.21027309920057222
28228,0.7412442615308047,0.2587557384691953
28229,0.40106099698627573,0.5989390030137243
28230,0.6999516821128983,0.30004831788710173
28231,0.5106319733242671,0.48936802667573287
28232,0.24203953936179168,0.7579604606382083
28233,0.5724227281830278,0.42757727181697225
28234,0.6046823065449762,0.3953176934550238
28235,0.6746405628065381,0.32535943719346194
28236,0.32341369688431876,0.6765863031156812
28237,0.8590331284668011,0.1409668715331988
28238,0.8013086548004382,0.19869134519956175
28239,0.5438439832482362,0.4561560167517637
28240,0.5839470553221349,0.4160529446778651
28241,0.577346289563627,0.42265371043637306
28242,0.572746381727682,0.427253618272318
28243,0.16567795271238728,0.8343220472876127
28244,0.6643873390036705,0.3356126609963294
28245,0.5870043846572397,0.41299561534276025
28246,0.3897495659605359,0.6102504340394641
28247,0.7508098223878131,0.2491901776121869
28248,0.5266134448446027,0.47338655515539724
28249,0.7813262716884614,0.2186737283115386
28250,0.4087540524097545,0.5912459475902455
28251,0.32341369688431876,0.6765863031156812
28252,0.8179258883590163,0.18207411164098372
28253,0.7543280406469905,0.2456719593530094
28254,0.6068049942758985,0.3931950057241015
28255,0.7205877562466986,0.2794122437533014
28256,0.7243753949466757,0.2756246050533243
28257,0.6531490522648069,0.3468509477351931
28258,0.7074364457822468,0.29256355421775315
28259,0.6067130859713601,0.3932869140286399
28260,0.37916776152392306,0.6208322384760769
28261,0.6076478832463393,0.39235211675366066
28262,0.05292802234424143,0.9470719776557586
28263,0.5555144300172346,0.4444855699827654
28264,0.6599945729799546,0.3400054270200454
28265,0.6339558750650233,0.36604412493497673
28266,0.5376551275904146,0.46234487240958544
28267,0.4982604463861233,0.5017395536138767
28268,0.7116367952194083,0.28836320478059174
28269,0.32341369688431876,0.6765863031156812
28270,0.487523774300997,0.512476225699003
28271,0.4177953673122965,0.5822046326877035
28272,0.6801375122290635,0.3198624877709365
28273,0.6486995357567145,0.35130046424328554
28274,0.7268287910533144,0.2731712089466855
28275,0.7299582613468075,0.2700417386531925
28276,0.575458485241064,0.4245415147589359
28277,0.9111140593753991,0.08888594062460084
28278,0.8926643705356043,0.1073356294643957
28279,0.7416280126032267,0.25837198739677325
28280,0.7008205292997319,0.29917947070026807
28281,0.6403972814595402,0.3596027185404598
28282,0.582339420317415,0.417660579682585
28283,0.6974720033333137,0.3025279966666863
28284,0.5160929467887607,0.4839070532112392
28285,0.7777159058837854,0.22228409411621464
28286,0.5847366827052447,0.4152633172947553
28287,0.26747267696115196,0.732527323038848
28288,0.19730040062119292,0.8026995993788071
28289,0.6764405192488081,0.32355948075119184
28290,0.15153718385766202,0.848462816142338
28291,0.7494216772860902,0.25057832271390984
28292,0.7712268261956153,0.22877317380438464
28293,0.8825178392669281,0.11748216073307198
28294,0.7768498287655397,0.22315017123446035
28295,0.7025308409885,0.29746915901149995
28296,0.8050987917966921,0.19490120820330797
28297,0.8135527550005239,0.18644724499947604
28298,0.041701765330558915,0.9582982346694411
28299,0.6767546998552401,0.32324530014476
28300,0.601666288765968,0.39833371123403205
28301,0.5388584665438672,0.4611415334561328
28302,0.046136669229771,0.953863330770229
28303,0.7119455856293506,0.2880544143706493
28304,0.7385001964413962,0.2614998035586038
28305,0.16804822478508818,0.8319517752149118
28306,0.40394402713947,0.59605597286053
28307,0.7410203924855963,0.2589796075144037
28308,0.22265724083603577,0.7773427591639642
28309,0.6247219724582808,0.37527802754171924
28310,0.8669642113058238,0.13303578869417626
28311,0.7039043339383497,0.2960956660616502
28312,0.6875877376488262,0.31241226235117386
28313,0.761705468062001,0.23829453193799896
28314,0.5646618163621571,0.435338183637843
28315,0.7032861880530833,0.2967138119469167
28316,0.6908466286010855,0.3091533713989146
28317,0.8577218391546838,0.14227816084531617
28318,0.5741270981394282,0.42587290186057186
28319,0.9179293879901037,0.08207061200989628
28320,0.08835548794555281,0.9116445120544472
28321,0.8687251182413541,0.1312748817586459
28322,0.7065776891387706,0.2934223108612294
28323,0.4813705013513757,0.5186294986486243
28324,0.07514217792032163,0.9248578220796784
28325,0.6705419565143937,0.32945804348560626
28326,0.5578452130664526,0.44215478693354743
28327,0.8313540682182757,0.16864593178172424
28328,0.5629618404023786,0.4370381595976214
28329,0.9202858772536214,0.07971412274637858
28330,0.6448416916815674,0.3551583083184326
28331,0.7346431813973822,0.2653568186026179
28332,0.6965516046148652,0.30344839538513485
28333,0.8188430164151705,0.18115698358482946
28334,0.9253377161331569,0.07466228386684315
28335,0.5726722584045515,0.4273277415954485
28336,0.6163239959761522,0.38367600402384777
28337,0.6695363889361996,0.33046361106380046
28338,0.6762167696251976,0.3237832303748024
28339,0.7137356405053429,0.2862643594946571
28340,0.720720746909145,0.27927925309085505
28341,0.3750754216355965,0.6249245783644035
28342,0.32853052762688817,0.6714694723731118
28343,0.7257952299624935,0.27420477003750654
28344,0.5782010311704961,0.42179896882950385
28345,0.43625445125691376,0.5637455487430862
28346,0.6325164370740017,0.3674835629259983
28347,0.6098283422706601,0.3901716577293399
28348,0.672561000283518,0.32743899971648205
28349,0.7862945979732021,0.21370540202679794
28350,0.08604998543002174,0.9139500145699783
28351,0.8622462339937289,0.13775376600627115
28352,0.22234205987168454,0.7776579401283155
28353,0.7546883081868958,0.24531169181310422
28354,0.8736174749961187,0.12638252500388125
28355,0.3990079814005526,0.6009920185994474
28356,0.9069146216762631,0.09308537832373685
28357,0.7866021467478392,0.21339785325216076
28358,0.6882011165308449,0.3117988834691551
28359,0.8834576406796314,0.11654235932036859
28360,0.6169744740027225,0.3830255259972775
28361,0.8444538484545421,0.15554615154545798
28362,0.6978346663840809,0.3021653336159191
28363,0.7925251568175664,0.20747484318243353
28364,0.3586592469432752,0.6413407530567248
28365,0.1509187282582488,0.8490812717417512
28366,0.3415161008882479,0.6584838991117521
28367,0.21167765704433705,0.788322342955663
28368,0.7789735468238366,0.22102645317616348
28369,0.797141970355161,0.20285802964483896
28370,0.6880129219198734,0.31198707808012666
28371,0.5612022274273929,0.43879777257260716
28372,0.5501621452021718,0.44983785479782823
28373,0.04949283195335241,0.9505071680466476
28374,0.62702140977058,0.37297859022942
28375,0.2776050858264639,0.7223949141735361
28376,0.6597133891162614,0.3402866108837385
28377,0.05057525384077477,0.9494247461592252
28378,0.7293465110235967,0.2706534889764033
28379,0.9045043623384168,0.09549563766158325
28380,0.5022926562833816,0.4977073437166184
28381,0.8885770371359492,0.11142296286405089
28382,0.7261674618528016,0.27383253814719843
28383,0.570294849493794,0.429705150506206
28384,0.5501687665242246,0.44983123347577536
28385,0.6770537195202195,0.3229462804797805
28386,0.33412416481694895,0.665875835183051
28387,0.6858796296183546,0.3141203703816454
28388,0.6655056314169355,0.33449436858306447
28389,0.8001535934127986,0.19984640658720146
28390,0.8245738343550811,0.17542616564491886
28391,0.7088360459672127,0.29116395403278733
28392,0.4365133879682678,0.5634866120317322
28393,0.44606944786247404,0.553930552137526
28394,0.6886805629647594,0.31131943703524056
28395,0.74887656204582,0.25112343795417996
28396,0.6659570800157898,0.3340429199842102
28397,0.6546846261423154,0.3453153738576846
28398,0.276414815712954,0.723585184287046
28399,0.6615056785908305,0.33849432140916946
28400,0.7896349934568474,0.21036500654315257
28401,0.37148922127793504,0.628510778722065
28402,0.6359724013014671,0.3640275986985328
28403,0.485834949056254,0.514165050943746
28404,0.67433995107983,0.3256600489201699
28405,0.5470255993754827,0.4529744006245173
28406,0.6138327969733584,0.3861672030266417
28407,0.3463695510616831,0.6536304489383169
28408,0.3563536692580942,0.6436463307419058
28409,0.7974584241736402,0.2025415758263598
28410,0.6093286730602068,0.3906713269397933
28411,0.6629356258542779,0.3370643741457221
28412,0.7017066207454696,0.2982933792545304
28413,0.9428678445527868,0.0571321554472132
28414,0.8149120982409224,0.18508790175907763
28415,0.7683320375182043,0.23166796248179566
28416,0.7137536199636725,0.2862463800363276
28417,0.8608631053260606,0.13913689467393944
28418,0.44206581890894747,0.5579341810910525
28419,0.4149771067499154,0.5850228932500846
28420,0.6969536755157177,0.30304632448428226
28421,0.8367975104639307,0.16320248953606928
28422,0.8374787199933313,0.16252128000666866
28423,0.8042282082876818,0.19577179171231818
28424,0.7461722118517486,0.2538277881482513
28425,0.8776876966196911,0.1223123033803089
28426,0.7814842927470587,0.2185157072529413
28427,0.20145195373063907,0.7985480462693609
28428,0.7281976073521657,0.27180239264783435
28429,0.7672803867863203,0.23271961321367968
28430,0.586752388852984,0.413247611147016
28431,0.653826146365857,0.346173853634143
28432,0.5276786971015908,0.47232130289840923
28433,0.854958073818847,0.14504192618115297
28434,0.24450781198796212,0.7554921880120379
28435,0.6377075159727958,0.36229248402720415
28436,0.5915476523626411,0.408452347637359
28437,0.6135705908857967,0.38642940911420326
28438,0.5577124692931739,0.4422875307068261
28439,0.5492887557772537,0.45071124422274633
28440,0.7373989525139495,0.26260104748605057
28441,0.668473749850662,0.331526250149338
28442,0.8745196414928288,0.1254803585071712
28443,0.20206614698659553,0.7979338530134045
28444,0.7649353289775498,0.23506467102245027
28445,0.49668867396269,0.50331132603731
28446,0.6832745056556546,0.31672549434434544
28447,0.7986835263245954,0.20131647367540462
28448,0.7920557546974478,0.20794424530255223
28449,0.8881869308533396,0.11181306914666046
28450,0.5523122554945664,0.4476877445054336
28451,0.6848783542315721,0.31512164576842794
28452,0.7920941839851706,0.20790581601482935
28453,0.5768582388979904,0.4231417611020096
28454,0.08704934520926855,0.9129506547907315
28455,0.6852669101424995,0.31473308985750054
28456,0.6609965099131161,0.3390034900868839
28457,0.4815410231991861,0.5184589768008139
28458,0.7569353578793879,0.24306464212061207
28459,0.4348210464731449,0.5651789535268551
28460,0.09478772685040016,0.9052122731495998
28461,0.3496022993265885,0.6503977006734115
28462,0.47835860778037886,0.5216413922196211
28463,0.4329883929875219,0.5670116070124781
28464,0.7509637954824465,0.24903620451755348
28465,0.35513559271416417,0.6448644072858358
28466,0.4964123582000656,0.5035876417999344
28467,0.5178450260671967,0.4821549739328032
28468,0.7035926069386272,0.29640739306137276
28469,0.8387245975036222,0.16127540249637784
28470,0.5836212184630125,0.41637878153698743
28471,0.7344058265006924,0.2655941734993076
28472,0.7267979935039226,0.27320200649607745
28473,0.686919600391485,0.3130803996085149
28474,0.5279912637469522,0.4720087362530478
28475,0.6762019227742142,0.32379807722578585
28476,0.7157176545253554,0.28428234547464465
28477,0.28784564195562545,0.7121543580443745
28478,0.6238009125309179,0.3761990874690822
28479,0.4952497108664504,0.5047502891335496
28480,0.7392458251793501,0.26075417482064983
28481,0.47460844683586123,0.5253915531641388
28482,0.0699567317510702,0.9300432682489298
28483,0.4143462515757924,0.5856537484242076
28484,0.7278659681940736,0.27213403180592644
28485,0.5089063367683102,0.4910936632316898
28486,0.5557668171297516,0.4442331828702484
28487,0.20211033618663377,0.7978896638133662
28488,0.4744417461726739,0.5255582538273261
28489,0.27361304647675266,0.7263869535232473
28490,0.7205058997979263,0.27949410020207366
28491,0.6519548518874247,0.34804514811257525
28492,0.41353525715222006,0.5864647428477799
28493,0.1488549048072808,0.8511450951927192
28494,0.7258937918168422,0.27410620818315773
28495,0.6194215102137415,0.3805784897862585
28496,0.6036627322749266,0.3963372677250734
28497,0.6965624639863857,0.3034375360136144
28498,0.7734839418057015,0.22651605819429857
28499,0.790088626264822,0.209911373735178
28500,0.8143268986167687,0.18567310138323137
28501,0.8225672241361276,0.17743277586387238
28502,0.22426730739694234,0.7757326926030577
28503,0.6191597030093676,0.3808402969906324
28504,0.08528292579948649,0.9147170742005135
28505,0.41415343386175574,0.5858465661382443
28506,0.4461927898155349,0.5538072101844651
28507,0.7104087634178375,0.2895912365821624
28508,0.6626176084607125,0.3373823915392875
28509,0.7306751856485709,0.269324814351429
28510,0.6995072445519599,0.3004927554480401
28511,0.6187295659805442,0.3812704340194558
28512,0.6782855496992719,0.32171445030072804
28513,0.7070351129412551,0.29296488705874485
28514,0.917078096572513,0.08292190342748695
28515,0.6405736403608934,0.35942635963910663
28516,0.8996237384505722,0.10037626154942783
28517,0.534582304185035,0.46541769581496495
28518,0.7362308778290271,0.2637691221709729
28519,0.5959114541403376,0.40408854585966236
28520,0.8263198178369037,0.17368018216309636
28521,0.327908308339785,0.672091691660215
28522,0.10708824716520016,0.8929117528347998
28523,0.8161095411275778,0.18389045887242214
28524,0.7784757764663593,0.22152422353364065
28525,0.69144741244664,0.30855258755336
28526,0.723566474186905,0.27643352581309494
28527,0.458684619181575,0.541315380818425
28528,0.8491404241843739,0.1508595758156261
28529,0.663284971200546,0.336715028799454
28530,0.4136897457038925,0.5863102542961075
28531,0.5550470464170872,0.44495295358291276
28532,0.06546542846092196,0.934534571539078
28533,0.10691557657141693,0.8930844234285831
28534,0.24706440494705417,0.7529355950529458
28535,0.28884904722368865,0.7111509527763114
28536,0.6276974999861862,0.37230250001381376
28537,0.40633255773662513,0.5936674422633749
28538,0.22642391800253436,0.7735760819974656
28539,0.6409276314325684,0.35907236856743163
28540,0.8562919277640455,0.14370807223595453
28541,0.8026161336902666,0.19738386630973334
28542,0.6745868086755777,0.32541319132442226
28543,0.6659416510100002,0.33405834898999975
28544,0.720421930570437,0.279578069429563
28545,0.9025204626753418,0.09747953732465825
28546,0.7055407298027965,0.2944592701972036
28547,0.1001700106328578,0.8998299893671422
28548,0.8577525100136232,0.14224748998637676
28549,0.7454220538805363,0.2545779461194637
28550,0.7449222630094163,0.2550777369905837
28551,0.6750403528440131,0.3249596471559869
28552,0.6129642787570145,0.38703572124298546
28553,0.6148840597621528,0.3851159402378472
28554,0.49147495233224914,0.5085250476677509
28555,0.2935694273323731,0.7064305726676269
28556,0.9187279313729783,0.08127206862702178
28557,0.49554097441652356,0.5044590255834764
28558,0.7889420007596599,0.21105799924034002
28559,0.7762133036815902,0.22378669631840972
28560,0.7999705459990386,0.20002945400096142
28561,0.7476176112410555,0.2523823887589445
28562,0.9092153868659274,0.09078461313407259
28563,0.7983649180926288,0.20163508190737123
28564,0.6065768861911157,0.3934231138088843
28565,0.771801709520197,0.22819829047980297
28566,0.8233387712753052,0.17666122872469484
28567,0.6977123091420167,0.30228769085798335
28568,0.6202206252836637,0.3797793747163363
28569,0.7902380637004885,0.20976193629951145
28570,0.6026205302804226,0.3973794697195773
28571,0.4612351127477907,0.5387648872522093
28572,0.769368979924948,0.230631020075052
28573,0.5742294811586486,0.4257705188413514
28574,0.915303697497013,0.08469630250298696
28575,0.647510831466934,0.352489168533066
28576,0.5976700329617182,0.4023299670382819
28577,0.2250678797909127,0.7749321202090873
28578,0.6505209354395415,0.3494790645604585
28579,0.8546945954901349,0.14530540450986507
28580,0.44206581890894747,0.5579341810910525
28581,0.6407165255164398,0.3592834744835602
28582,0.11431778099647372,0.8856822190035263
28583,0.7114635384696008,0.28853646153039925
28584,0.8982312462155868,0.10176875378441319
28585,0.4192458276116836,0.5807541723883164
28586,0.3959180524208339,0.6040819475791661
28587,0.9006311211331645,0.0993688788668355
28588,0.40106099698627573,0.5989390030137243
28589,0.5379006767001047,0.46209932329989534
28590,0.8017235594975586,0.1982764405024414
28591,0.5368823864110904,0.46311761358890957
28592,0.12884657228722718,0.8711534277127728
28593,0.6539486901387117,0.3460513098612883
28594,0.5853230030237013,0.4146769969762987
28595,0.4646224792743323,0.5353775207256677
28596,0.6557159585716366,0.3442840414283635
28597,0.7437043905445638,0.25629560945543617
28598,0.07009165811594342,0.9299083418840566
28599,0.4232670198371522,0.5767329801628478
28600,0.5070040694378344,0.4929959305621656
28601,0.7722869682071303,0.22771303179286975
28602,0.7821983744190099,0.21780162558099017
28603,0.7061552724612312,0.2938447275387687
28604,0.18077145535969497,0.819228544640305
28605,0.17430274857097017,0.8256972514290298
28606,0.5830397193297723,0.41696028067022767
28607,0.3964455482208461,0.6035544517791539
28608,0.4964123582000656,0.5035876417999344
28609,0.5880858813868045,0.4119141186131955
28610,0.6553228185463852,0.3446771814536148
28611,0.49563478817998663,0.5043652118200134
28612,0.17005862837925056,0.8299413716207494
28613,0.45125168817122885,0.5487483118287712
28614,0.7120094264774743,0.2879905735225257
28615,0.8235547917418915,0.1764452082581085
28616,0.7004323397210439,0.29956766027895615
28617,0.5055862066697063,0.4944137933302937
28618,0.6952493822789142,0.3047506177210858
28619,0.9259194055993101,0.0740805944006899
28620,0.6428204441546916,0.35717955584530836
28621,0.6906599960614117,0.3093400039385883
28622,0.6611110601550481,0.3388889398449519
28623,0.7553250860913739,0.24467491390862603
28624,0.6186812890787787,0.38131871092122127
28625,0.20818328374740247,0.7918167162525975
28626,0.6464090098389156,0.3535909901610844
28627,0.8007650669796709,0.19923493302032913
28628,0.5872574236168089,0.41274257638319106
28629,0.6881508248380597,0.31184917516194033
28630,0.7814371547587233,0.21856284524127662
28631,0.8744298751415235,0.12557012485847652
28632,0.6373594824890626,0.3626405175109374
28633,0.6801375122290635,0.3198624877709365
28634,0.07210315939657763,0.9278968406034224
28635,0.7499472399692053,0.2500527600307947
28636,0.05716717793236048,0.9428328220676395
28637,0.6410145966303098,0.3589854033696902
28638,0.38476674140837497,0.615233258591625
28639,0.5997207686496063,0.40027923135039367
28640,0.6999719113055678,0.30002808869443215
28641,0.606196408097555,0.3938035919024449
28642,0.12475451105018243,0.8752454889498176
28643,0.5837129436052839,0.41628705639471614
28644,0.6210520558663982,0.3789479441336018
28645,0.08738058686691963,0.9126194131330804
28646,0.7697013577264449,0.2302986422735551
28647,0.19667193460801746,0.8033280653919825
28648,0.578708510403821,0.42129148959617896
28649,0.6759172026905294,0.3240827973094706
28650,0.7117777701773184,0.28822222982268164
28651,0.5212947311284468,0.4787052688715532
28652,0.5663126301993154,0.43368736980068456
28653,0.6618606252333754,0.33813937476662465
28654,0.8975850801316,0.10241491986840003
28655,0.4168893115404121,0.5831106884595879
28656,0.6465784745184717,0.3534215254815282
28657,0.7258988393816264,0.2741011606183736
28658,0.5200780332986651,0.4799219667013349
28659,0.7302971554512383,0.26970284454876176
28660,0.9021088564910285,0.09789114350897153
28661,0.6740978681113075,0.3259021318886925
28662,0.2037194852439249,0.7962805147560751
28663,0.047093368403416935,0.9529066315965831
28664,0.42605762861413055,0.5739423713858695
28665,0.2591449223044149,0.7408550776955851
28666,0.5384862436090397,0.46151375639096026
28667,0.6678241791214596,0.3321758208785404
28668,0.6366837057160097,0.3633162942839902
28669,0.7676517810371833,0.23234821896281668
28670,0.49426112488811913,0.5057388751118809
28671,0.05931783069536545,0.9406821693046346
28672,0.7664397755508876,0.23356022444911242
28673,0.4747510012474798,0.5252489987525202
28674,0.7859561945842225,0.21404380541577747
28675,0.6523754231929862,0.34762457680701375
28676,0.20260368458604217,0.7973963154139578
28677,0.9155719379180238,0.08442806208197619
28678,0.8492832086945272,0.15071679130547277
28679,0.4071821061018188,0.5928178938981812
28680,0.6963929391439786,0.3036070608560214
28681,0.7614656649438292,0.2385343350561708
28682,0.6852590644130212,0.31474093558697874
28683,0.7658478355605638,0.23415216443943615
28684,0.0522707780396674,0.9477292219603326
28685,0.740450320283758,0.25954967971624204
28686,0.6415946800279906,0.35840531997200936
28687,0.7195954530512376,0.2804045469487624
28688,0.6319368074486529,0.3680631925513472
28689,0.49808427063526295,0.501915729364737
28690,0.40846081713984583,0.5915391828601542
28691,0.7522576542030166,0.24774234579698334
28692,0.9346712100495335,0.06532878995046658
28693,0.7118595604377804,0.28814043956221963
28694,0.6610849242448769,0.3389150757551232
28695,0.6975310386341442,0.3024689613658558
28696,0.7118050085925693,0.2881949914074306
28697,0.2772885244328013,0.7227114755671987
28698,0.8979879226505078,0.10201207734949229
28699,0.7573098701453437,0.2426901298546563
28700,0.3922336353549596,0.6077663646450404
28701,0.6202369931301132,0.37976300686988684
28702,0.7122692465857767,0.28773075341422333
28703,0.33614190007864153,0.6638580999213585
28704,0.584243154344258,0.415756845655742
28705,0.5336319331490663,0.4663680668509337
28706,0.6471280167209611,0.3528719832790389
28707,0.4934457976023957,0.5065542023976043
28708,0.5405509057155929,0.45944909428440706
28709,0.7334177135677362,0.2665822864322637
28710,0.7180590115732494,0.28194098842675064
28711,0.673087461103314,0.326912538896686
28712,0.46184447603919365,0.5381555239608063
28713,0.7740954717589896,0.22590452824101032
28714,0.6660151219636776,0.3339848780363224
28715,0.7332564220085066,0.2667435779914934
28716,0.8649868453759683,0.13501315462403177
28717,0.9856043627880995,0.01439563721190049
28718,0.8776864790860124,0.1223135209139876
28719,0.5070040694378344,0.4929959305621656
28720,0.832148841196995,0.16785115880300505
28721,0.5366788134357834,0.46332118656421656
28722,0.7847337421972965,0.21526625780270348
28723,0.6049765214825331,0.39502347851746683
28724,0.4718769230722585,0.5281230769277415
28725,0.8404148305479726,0.15958516945202744
28726,0.7610352266535448,0.2389647733464552
28727,0.6827608773546596,0.3172391226453403
28728,0.8516113919475248,0.1483886080524752
28729,0.6950244322975885,0.30497556770241147
28730,0.7614473055194815,0.23855269448051852
28731,0.6495795956207078,0.35042040437929217
28732,0.3949996605122369,0.6050003394877631
28733,0.735155797399757,0.264844202600243
28734,0.5215192619547466,0.4784807380452533
28735,0.5943347993320305,0.4056652006679695
28736,0.8920208889880159,0.10797911101198407
28737,0.7034938864749409,0.296506113525059
28738,0.8515392828963533,0.14846071710364678
28739,0.5919936462415114,0.4080063537584886
28740,0.5218050321798018,0.4781949678201982
28741,0.6224148456348719,0.3775851543651281
28742,0.6497529664711295,0.35024703352887054
28743,0.8804096958067394,0.1195903041932606
28744,0.9530714375924035,0.04692856240759643
28745,0.4734772798653728,0.5265227201346272
28746,0.3516233406428432,0.6483766593571568
28747,0.4095591853859273,0.5904408146140727
28748,0.023379130750495136,0.9766208692495049
28749,0.1942178992158612,0.8057821007841388
28750,0.5601511944582205,0.4398488055417795
28751,0.6322166441362891,0.36778335586371097
28752,0.5546099477692099,0.44539005223079003
28753,0.7685746151299391,0.23142538487006095
28754,0.6388935740720918,0.36110642592790826
28755,0.599094893066014,0.40090510693398596
28756,0.7999695878746667,0.2000304121253334
28757,0.8933532112628959,0.10664678873710412
28758,0.8634786293492488,0.13652137065075118
28759,0.6692510796746101,0.33074892032539
28760,0.8138115039637546,0.18618849603624546
28761,0.6848796731070216,0.3151203268929784
28762,0.31209468338809687,0.6879053166119031
28763,0.5013128100011626,0.49868718999883743
28764,0.6916756144051133,0.3083243855948868
28765,0.6350750473907243,0.36492495260927577
28766,0.7945101813135691,0.20548981868643085
28767,0.21890850512039317,0.7810914948796068
28768,0.6341682726538143,0.36583172734618574
28769,0.7636931467896166,0.23630685321038342
28770,0.6312853244030764,0.3687146755969236
28771,0.32604240696535536,0.6739575930346446
28772,0.7704305908000375,0.22956940919996247
28773,0.5914605093086787,0.40853949069132134
28774,0.5269461322685434,0.4730538677314566
28775,0.7569911601925614,0.24300883980743865
28776,0.600536492431981,0.39946350756801896
28777,0.4777648015674313,0.5222351984325687
28778,0.632871188773861,0.36712881122613905
28779,0.4831205264333719,0.5168794735666281
28780,0.40106099698627573,0.5989390030137243
28781,0.6112267676694615,0.3887732323305385
28782,0.5937426800939051,0.4062573199060949
28783,0.6384265475671451,0.3615734524328549
28784,0.6265801429528495,0.3734198570471505
28785,0.7251674920913072,0.2748325079086929
28786,0.8038307575726481,0.19616924242735187
28787,0.8266963263207149,0.17330367367928515
28788,0.623024064902151,0.37697593509784905
28789,0.9197960879120235,0.08020391208797654
28790,0.8227229766235425,0.17727702337645743
28791,0.6453371115790449,0.35466288842095506
28792,0.40394402713947,0.59605597286053
28793,0.6579179138556446,0.34208208614435537
28794,0.6590551635062192,0.34094483649378077
28795,0.5027412894752775,0.4972587105247225
28796,0.7256103966242415,0.27438960337575846
28797,0.3796662524401109,0.6203337475598891
28798,0.6777978754360374,0.32220212456396263
28799,0.7654223786989409,0.23457762130105908
28800,0.4961736497601932,0.5038263502398068
28801,0.10337104226757488,0.8966289577324251
28802,0.7789509649391454,0.2210490350608546
28803,0.5448132426747464,0.4551867573252536
28804,0.7626566543370289,0.23734334566297108
28805,0.40106099698627573,0.5989390030137243
28806,0.9109124839379491,0.08908751606205088
28807,0.5699784321085772,0.4300215678914227
28808,0.5885451316650558,0.4114548683349442
28809,0.7398835727888006,0.26011642721119943
28810,0.4918006308068138,0.5081993691931862
28811,0.9024171695421245,0.09758283045787552
28812,0.7273681538534214,0.27263184614657865
28813,0.8103064804755014,0.18969351952449867
28814,0.5745816507355395,0.4254183492644606
28815,0.5518133019952782,0.4481866980047218
28816,0.3584711986439282,0.6415288013560718
28817,0.6982443386827786,0.30175566131722137
28818,0.8401905569227947,0.15980944307720532
28819,0.46126947217381575,0.5387305278261842
28820,0.7231180258473375,0.2768819741526625
28821,0.7986311019401706,0.20136889805982938
28822,0.721960291063037,0.27803970893696295
28823,0.8397127299022799,0.16028727009772015
28824,0.6714663447702935,0.32853365522970646
28825,0.8684798695798859,0.13152013042011415
28826,0.46806896982690227,0.5319310301730977
28827,0.5746681504108715,0.4253318495891285
28828,0.5570096624311134,0.44299033756888667
28829,0.7324522298217632,0.26754777017823683
28830,0.5387189787473353,0.4612810212526647
28831,0.4885714860167567,0.5114285139832433
28832,0.7448523946041479,0.25514760539585213
28833,0.8061377439103807,0.1938622560896193
28834,0.45480497779904494,0.5451950222009551
28835,0.805148214908634,0.19485178509136605
28836,0.8745287325221582,0.12547126747784176
28837,0.8117724183068135,0.1882275816931865
28838,0.7355709444179044,0.26442905558209556
28839,0.5025995128181808,0.4974004871818192
28840,0.16593716359092892,0.8340628364090711
28841,0.6751206342687764,0.32487936573122356
28842,0.37747758881548443,0.6225224111845156
28843,0.8140423198353705,0.18595768016462952
28844,0.8712241355723609,0.12877586442763916
28845,0.6975909024510564,0.30240909754894363
28846,0.6720008279439404,0.3279991720560595
28847,0.7194072529511262,0.28059274704887377
28848,0.5627351989275001,0.4372648010724999
28849,0.5965718708211609,0.4034281291788391
28850,0.8032877727362913,0.19671222726370877
28851,0.9381712476364104,0.06182875236358962
28852,0.02894735514302149,0.9710526448569785
28853,0.5871140363766938,0.41288596362330626
28854,0.6273317590965848,0.3726682409034152
28855,0.7253608227522619,0.27463917724773806
28856,0.695567537825419,0.304432462174581
28857,0.49816752244616413,0.5018324775538359
28858,0.6435256600700945,0.35647433992990557
28859,0.30342193510557036,0.6965780648944296
28860,0.7708568560202957,0.2291431439797043
28861,0.26844938339778435,0.7315506166022157
28862,0.8551363528131564,0.14486364718684366
28863,0.41784915541206546,0.5821508445879345
28864,0.6917178939896855,0.3082821060103145
28865,0.7546883081868958,0.24531169181310422
28866,0.7605008088639268,0.2394991911360732
28867,0.7520456894585223,0.24795431054147768
28868,0.7442274673607384,0.2557725326392616
28869,0.661507304609116,0.33849269539088395
28870,0.6308654127387112,0.3691345872612887
28871,0.6022887044427891,0.3977112955572109
28872,0.6948213150477552,0.30517868495224476
28873,0.7797285591235156,0.22027144087648443
28874,0.6593907581639427,0.34060924183605734
28875,0.4150142054940299,0.5849857945059701
28876,0.7331070225102654,0.2668929774897346
28877,0.5625941757075728,0.4374058242924273
28878,0.6680785596809111,0.33192144031908893
28879,0.7225984523997175,0.2774015476002825
28880,0.026911895341270586,0.9730881046587294
28881,0.5196455168573473,0.48035448314265267
28882,0.3050216083633447,0.6949783916366553
28883,0.8292909858991353,0.17070901410086467
28884,0.392153196054171,0.607846803945829
28885,0.7601193649448872,0.2398806350551128
28886,0.4818782525502421,0.5181217474497579
28887,0.5057803849035212,0.49421961509647877
28888,0.6368218920975985,0.36317810790240146
28889,0.7401779228897294,0.2598220771102706
28890,0.7352205449060643,0.2647794550939358
28891,0.5953706959300236,0.4046293040699765
28892,0.686879357287314,0.3131206427126861
28893,0.40538330087047003,0.59461669912953
28894,0.0827872028768939,0.9172127971231061
28895,0.673028338757606,0.32697166124239396
28896,0.49251832675970975,0.5074816732402903
28897,0.5205567744552193,0.47944322554478064
28898,0.8248120592800422,0.17518794071995783
28899,0.7282499609150488,0.2717500390849512
28900,0.09848983786146082,0.9015101621385392
28901,0.7178712212188844,0.28212877878111564
28902,0.7538617333610409,0.24613826663895913
28903,0.6576632541357663,0.3423367458642337
28904,0.7494668930225512,0.25053310697744874
28905,0.6808601660334552,0.3191398339665448
28906,0.8249617311891311,0.17503826881086892
28907,0.3914013787517845,0.6085986212482155
28908,0.7277525361619311,0.27224746383806886
28909,0.7396671194982656,0.26033288050173437
28910,0.8014037918698255,0.1985962081301745
28911,0.44393284246335996,0.55606715753664
28912,0.8105355690335501,0.1894644309664499
28913,0.7620850604644871,0.23791493953551285
28914,0.832358814049057,0.167641185950943
28915,0.48542393097899117,0.5145760690210088
28916,0.5745615548140837,0.4254384451859163
28917,0.5834903703008645,0.4165096296991355
28918,0.7481494231334955,0.2518505768665044
28919,0.4869423433037139,0.5130576566962861
28920,0.875109992331334,0.124890007668666
28921,0.44206581890894747,0.5579341810910525
28922,0.5643029819073055,0.4356970180926945
28923,0.41955456805665303,0.580445431943347
28924,0.7309274552722638,0.26907254472773623
28925,0.14882963509119618,0.8511703649088038
28926,0.562639607278393,0.4373603927216069
28927,0.5475557761233427,0.45244422387665734
28928,0.7465385094114588,0.25346149058854117
28929,0.7390438456801542,0.2609561543198457
28930,0.5888673546114618,0.4111326453885382
28931,0.6455297150670697,0.3544702849329303
28932,0.7239844908504014,0.27601550914959866
28933,0.30734770621129115,0.6926522937887089
28934,0.3922336353549596,0.6077663646450404
28935,0.6504155131557517,0.34958448684424825
28936,0.9131180196901204,0.08688198030987956
28937,0.7414914061183097,0.25850859388169034
28938,0.4200119127747083,0.5799880872252917
28939,0.6867199614696267,0.3132800385303734
28940,0.8050155604500389,0.19498443954996117
28941,0.2157181222713499,0.7842818777286501
28942,0.45998098164377876,0.5400190183562212
28943,0.8720271440914639,0.1279728559085361
28944,0.7786978970074534,0.2213021029925466
28945,0.3341992454690157,0.6658007545309843
28946,0.5374432653482215,0.46255673465177854
28947,0.7576549741428288,0.2423450258571712
28948,0.6903268818727424,0.30967311812725756
28949,0.704513262366664,0.295486737633336
28950,0.7572373438194036,0.2427626561805964
28951,0.4826416269517616,0.5173583730482384
28952,0.5852578667850492,0.41474213321495085
28953,0.9146749001208438,0.08532509987915618
28954,0.7408583457770785,0.2591416542229215
28955,0.8067090484179134,0.1932909515820866
28956,0.8759312588051156,0.12406874119488442
28957,0.7558213127278607,0.2441786872721393
28958,0.5239888888697136,0.4760111111302864
28959,0.11200863450403764,0.8879913654959624
28960,0.7862864689278538,0.2137135310721462
28961,0.765091776544149,0.23490822345585108
28962,0.5116347814411426,0.48836521855885745
28963,0.5412354112941039,0.4587645887058961
28964,0.6548739256767679,0.34512607432323206
28965,0.496776749488435,0.503223250511565
28966,0.6915879433324161,0.30841205666758387
28967,0.7749718355220834,0.2250281644779166
28968,0.9059409647430993,0.09405903525690075
28969,0.5475557761233427,0.45244422387665734
28970,0.7007145388934946,0.29928546110650545
28971,0.4537167976540477,0.5462832023459523
28972,0.2821841327919693,0.7178158672080307
28973,0.5950208581371195,0.40497914186288053
28974,0.6186026422170687,0.3813973577829313
28975,0.10519699422352835,0.8948030057764716
28976,0.7893131124015693,0.21068688759843074
28977,0.47725036696323675,0.5227496330367633
28978,0.4557140167548268,0.5442859832451732
28979,0.5061256408374988,0.4938743591625013
28980,0.17666528755679123,0.8233347124432088
28981,0.5884171359041683,0.4115828640958317
28982,0.6903976956223639,0.30960230437763614
28983,0.7885363031745407,0.2114636968254593
28984,0.41029240051170146,0.5897075994882985
28985,0.5882173571126841,0.411782642887316
28986,0.4905779131821931,0.5094220868178069
28987,0.7514890962378591,0.24851090376214088
28988,0.6597304662519503,0.3402695337480497
28989,0.42524032052288185,0.5747596794771181
28990,0.71282052610594,0.28717947389405996
28991,0.5031482815907395,0.4968517184092604
28992,0.6527400543645479,0.3472599456354522
28993,0.7013176866689983,0.29868231333100165
28994,0.9514395548656713,0.048560445134328625
28995,0.7608743149688222,0.2391256850311778
28996,0.11080998328619762,0.8891900167138024
28997,0.5553694564196899,0.44463054358031007
28998,0.8422869686093866,0.15771303139061346
28999,0.3922336353549596,0.6077663646450404
29000,0.7666587338963058,0.23334126610369427
29001,0.6621024647754784,0.3378975352245216
29002,0.5977938234675564,0.40220617653244367
29003,0.3862147978570546,0.6137852021429454
29004,0.8946995414053958,0.10530045859460421
29005,0.2125688984291656,0.7874311015708344
29006,0.4888346734422233,0.5111653265577767
29007,0.3962643656075956,0.6037356343924044
29008,0.7380913307782416,0.2619086692217584
29009,0.7337334399997332,0.2662665600002668
29010,0.6597208366073443,0.34027916339265574
29011,0.713230708732771,0.286769291267229
29012,0.9432465342617875,0.05675346573821248
29013,0.6875172986654977,0.3124827013345023
29014,0.61406412088862,0.3859358791113801
29015,0.8696863031709328,0.13031369682906727
29016,0.1664626085146782,0.8335373914853218
29017,0.5412288931573948,0.45877110684260525
29018,0.4256960178856172,0.5743039821143828
29019,0.4473341852816992,0.5526658147183008
29020,0.5384025198435731,0.46159748015642693
29021,0.700161315982168,0.2998386840178319
29022,0.6184224920067075,0.3815775079932925
29023,0.4275960145816905,0.5724039854183095
29024,0.7364811991611964,0.2635188008388037
29025,0.6845310316218919,0.3154689683781081
29026,0.06677330680290727,0.9332266931970927
29027,0.7276717148670527,0.27232828513294727
29028,0.597118286642299,0.402881713357701
29029,0.06666664336007277,0.9333333566399272
29030,0.7684957122859631,0.2315042877140369
29031,0.7156414948529739,0.28435850514702615
29032,0.4869351386616164,0.5130648613383836
29033,0.5793862644228912,0.4206137355771088
29034,0.45146527182021434,0.5485347281797857
29035,0.5150426708784257,0.48495732912157435
29036,0.4731484732153639,0.5268515267846361
29037,0.7305071507248333,0.26949284927516676
29038,0.5023360806726727,0.4976639193273273
29039,0.4220560195164069,0.5779439804835931
29040,0.7223259288984201,0.27767407110158
29041,0.6783924471444573,0.3216075528555427
29042,0.7874899105347213,0.21251008946527875
29043,0.42555043027485406,0.5744495697251459
29044,0.6725271201208871,0.32747287987911283
29045,0.3801707759016728,0.6198292240983272
29046,0.5525766006355448,0.4474233993644552
29047,0.5473843398398611,0.4526156601601389
29048,0.6163841740911679,0.38361582590883214
29049,0.5611493449022351,0.4388506550977649
29050,0.5391752744953613,0.46082472550463877
29051,0.6974564676529553,0.3025435323470447
29052,0.45111570753315167,0.5488842924668483
29053,0.3568542925621121,0.6431457074378879
29054,0.3324780296122761,0.6675219703877239
29055,0.6210388880567221,0.3789611119432778
29056,0.6473891557091314,0.35261084429086864
29057,0.13976965536864927,0.8602303446313507
29058,0.7214935946216516,0.27850640537834837
29059,0.5676750291685677,0.4323249708314323
29060,0.6212179230325184,0.37878207696748156
29061,0.7119314611089685,0.28806853889103146
29062,0.6851779825703863,0.31482201742961374
29063,0.5396973171820657,0.4603026828179343
29064,0.9161960615070498,0.08380393849295016
29065,0.14547863443107745,0.8545213655689226
29066,0.8694555568329592,0.1305444431670408
29067,0.6716780045472779,0.3283219954527221
29068,0.6686845560017858,0.3313154439982142
29069,0.7026959557910122,0.29730404420898776
29070,0.7214966456080257,0.27850335439197427
29071,0.609183775811234,0.39081622418876605
29072,0.7351721260539856,0.26482787394601437
29073,0.8533824763499552,0.1466175236500448
29074,0.05575817516915782,0.9442418248308422
29075,0.3800054975686803,0.6199945024313197
29076,0.8224367971408227,0.17756320285917723
29077,0.6801869102811439,0.31981308971885614
29078,0.4814718826968566,0.5185281173031434
29079,0.40637563273105803,0.593624367268942
29080,0.6116289285252274,0.38837107147477257
29081,0.4287016705965321,0.5712983294034679
29082,0.25770656041139606,0.7422934395886039
29083,0.39095881141954525,0.6090411885804548
29084,0.6981021113583458,0.30189788864165423
29085,0.4885938782060353,0.5114061217939647
29086,0.4748259107633288,0.5251740892366712
29087,0.6566336575548424,0.34336634244515757
29088,0.2798710179733018,0.7201289820266982
29089,0.6865878849887009,0.31341211501129906
29090,0.6968028268816984,0.30319717311830163
29091,0.5962476572439472,0.40375234275605276
29092,0.3343570055552493,0.6656429944447507
29093,0.5103879409845219,0.4896120590154781
29094,0.8020834946925322,0.1979165053074678
29095,0.43925431575682317,0.5607456842431768
29096,0.7085142988230495,0.2914857011769505
29097,0.7316619672540345,0.2683380327459655
29098,0.6491265909784925,0.3508734090215075
29099,0.6765776236055444,0.3234223763944556
29100,0.5834890706349409,0.416510929365059
29101,0.5756608156998049,0.4243391843001952
29102,0.7003053096756893,0.2996946903243107
29103,0.648961765469096,0.351038234530904
29104,0.6870529807076786,0.31294701929232144
29105,0.7448123973696705,0.25518760263032947
29106,0.15148498140030264,0.8485150185996974
29107,0.7401083400586614,0.25989165994133856
29108,0.15469053171747182,0.8453094682825282
29109,0.1580434955524368,0.8419565044475632
29110,0.1124041376624697,0.8875958623375303
29111,0.718417126450534,0.281582873549466
29112,0.7410329113432936,0.2589670886567063
29113,0.6701229546760841,0.3298770453239159
29114,0.6343970468986341,0.3656029531013659
29115,0.5192688592608039,0.48073114073919615
29116,0.037722091893565346,0.9622779081064347
29117,0.6680221433246406,0.3319778566753594
29118,0.739765699410347,0.26023430058965297
29119,0.12208835563906362,0.8779116443609364
29120,0.5154998513737441,0.4845001486262559
29121,0.6606826333285314,0.3393173666714686
29122,0.1349146349664384,0.8650853650335616
29123,0.6640797202656006,0.3359202797343995
29124,0.5324547626338885,0.4675452373661116
29125,0.48566149910893475,0.5143385008910653
29126,0.5751229618439961,0.42487703815600386
29127,0.1804736754528602,0.8195263245471398
29128,0.1922454695489958,0.8077545304510042
29129,0.6902796595949106,0.30972034040508944
29130,0.4400068929633806,0.5599931070366194
29131,0.8167910296809727,0.18320897031902728
29132,0.4211742060431086,0.5788257939568914
29133,0.632007172864375,0.3679928271356249
29134,0.5270396097729991,0.47296039022700087
29135,0.730352310576463,0.269647689423537
29136,0.6698944271811048,0.3301055728188952
29137,0.8855573154717494,0.11444268452825053
29138,0.7191987263438957,0.28080127365610424
29139,0.05833493767135367,0.9416650623286463
29140,0.5982080796238258,0.4017919203761742
29141,0.6816158359645701,0.3183841640354299
29142,0.9591067007539833,0.040893299246016666
29143,0.5562533320545948,0.4437466679454052
29144,0.6399374483791541,0.3600625516208459
29145,0.4747350464427601,0.5252649535572399
29146,0.506405628107444,0.4935943718925559
29147,0.6455857567787737,0.3544142432212262
29148,0.8773490239723778,0.12265097602762215
29149,0.5411340178659461,0.458865982134054
29150,0.09898678366571578,0.9010132163342842
29151,0.18332584112376704,0.816674158876233
29152,0.026263601357116917,0.9737363986428831
29153,0.45742445422401745,0.5425755457759825
29154,0.6219361092160066,0.3780638907839934
29155,0.04021999259141895,0.959780007408581
29156,0.3091281397670691,0.6908718602329309
29157,0.5907179970341792,0.4092820029658208
29158,0.4305894082438506,0.5694105917561494
29159,0.7144790493496089,0.2855209506503911
29160,0.8287367538817043,0.17126324611829563
29161,0.25877185143150305,0.741228148568497
29162,0.11292858224091484,0.8870714177590852
29163,0.4593222264297049,0.5406777735702951
29164,0.4885938782060353,0.5114061217939647
29165,0.6021050640450265,0.3978949359549735
29166,0.6119256847836838,0.38807431521631625
29167,0.6414816800123511,0.3585183199876489
29168,0.689487434466095,0.31051256553390505
29169,0.7503805787396194,0.2496194212603806
29170,0.2009694309483715,0.7990305690516285
29171,0.3352355314027837,0.6647644685972163
29172,0.7352436370199753,0.26475636298002464
29173,0.8180264813070157,0.18197351869298428
29174,0.6525144651407326,0.3474855348592674
29175,0.844778711810543,0.15522128818945705
29176,0.7106560804550534,0.28934391954494665
29177,0.10476240548738935,0.8952375945126106
29178,0.18103678893234365,0.8189632110676563
29179,0.5779681626476035,0.42203183735239647
29180,0.7078420052854346,0.2921579947145654
29181,0.1191612250077062,0.8808387749922938
29182,0.6919217200232918,0.3080782799767082
29183,0.8262176181627134,0.1737823818372865
29184,0.6474323203441837,0.35256767965581626
29185,0.3825992877880664,0.6174007122119336
29186,0.16277808446017217,0.8372219155398278
29187,0.5462658450130221,0.4537341549869779
29188,0.7186037143294388,0.2813962856705612
29189,0.6679947590117112,0.33200524098828876
29190,0.4201536233696709,0.5798463766303291
29191,0.7144481109312553,0.2855518890687448
29192,0.913331861909623,0.08666813809037703
29193,0.6293265821382587,0.37067341786174135
29194,0.5904461183960523,0.4095538816039476
29195,0.6882571733517189,0.31174282664828107
29196,0.6028529096229713,0.39714709037702867
29197,0.7502382603701759,0.24976173962982406
29198,0.6698045419862423,0.3301954580137577
29199,0.6477374254318773,0.35226257456812266
29200,0.6270266170418725,0.37297338295812754
29201,0.4458045902233915,0.5541954097766085
29202,0.31781964617560143,0.6821803538243986
29203,0.7003305718997208,0.29966942810027913
29204,0.6411999520820133,0.35880004791798675
29205,0.7158237161834888,0.2841762838165111
29206,0.4541331315197341,0.5458668684802659
29207,0.714137186520482,0.285862813479518
29208,0.7416929263869283,0.25830707361307165
29209,0.7242712773651606,0.2757287226348394
29210,0.7914062213685427,0.20859377863145728
29211,0.22946432120643012,0.7705356787935699
29212,0.7227527071401452,0.27724729285985483
29213,0.8174214096306209,0.18257859036937907
29214,0.13967657638735143,0.8603234236126486
29215,0.3913044133731415,0.6086955866268585
29216,0.6600414040721013,0.3399585959278987
29217,0.6729241096406292,0.3270758903593708
29218,0.8242580298957276,0.17574197010427237
29219,0.7703821314269783,0.22961786857302174
29220,0.5108583148907675,0.48914168510923256
29221,0.36689881248996536,0.6331011875100346
29222,0.7129738280522671,0.2870261719477329
29223,0.6368077193224537,0.3631922806775462
29224,0.6864216466072445,0.3135783533927555
29225,0.19678895842704047,0.8032110415729595
29226,0.6644643561974956,0.33553564380250445
29227,0.655048470226173,0.3449515297738271
29228,0.5395569819782102,0.46044301802178983
29229,0.661706752922915,0.3382932470770849
29230,0.7482967251857737,0.25170327481422633
29231,0.6192685776844956,0.3807314223155044
29232,0.6404039659776571,0.35959603402234286
29233,0.6796150958982675,0.3203849041017325
29234,0.6201810703016801,0.37981892969831993
29235,0.5996817707413754,0.4003182292586246
29236,0.741309834366519,0.2586901656334811
29237,0.7397491162408171,0.2602508837591829
29238,0.6783038126434655,0.32169618735653455
29239,0.4267661623309923,0.5732338376690077
29240,0.6489200315651695,0.35107996843483047
29241,0.6159536202674223,0.3840463797325777
29242,0.4616666891459409,0.5383333108540591
29243,0.48984551499255136,0.5101544850074486
29244,0.5310406625273818,0.4689593374726182
29245,0.5956700586574317,0.40432994134256833
29246,0.6493845288703238,0.35061547112967617
29247,0.26716360867186995,0.73283639132813
29248,0.42840374732083,0.57159625267917
29249,0.4798589804190596,0.5201410195809404
29250,0.02938368089822252,0.9706163191017775
29251,0.17529735306824568,0.8247026469317543
29252,0.5043451166891055,0.49565488331089447
29253,0.609887783397388,0.39011221660261197
29254,0.5022859772837428,0.4977140227162572
29255,0.5710960410192996,0.42890395898070044
29256,0.49890442908044175,0.5010955709195583
29257,0.7301829546602889,0.269817045339711
29258,0.5259731868037663,0.4740268131962338
29259,0.6135668690526078,0.3864331309473922
29260,0.8423336223252205,0.15766637767477948
29261,0.5055155572777574,0.49448444272224257
29262,0.5712080250616922,0.42879197493830784
29263,0.725505661726168,0.27449433827383196
29264,0.5509330076460615,0.44906699235393854
29265,0.5659203238000051,0.4340796761999949
29266,0.4681172822967756,0.5318827177032244
29267,0.8152640082176963,0.18473599178230374
29268,0.6272104659292805,0.3727895340707195
29269,0.05642701214705381,0.9435729878529462
29270,0.7264103529361465,0.2735896470638534
29271,0.5858751244063247,0.4141248755936753
29272,0.602906543556195,0.397093456443805
29273,0.6397018743819767,0.36029812561802327
29274,0.3240917309340131,0.6759082690659869
29275,0.7763881726489117,0.22361182735108834
29276,0.2369347052760875,0.7630652947239125
29277,0.6353268319574505,0.36467316804254946
29278,0.816754418021126,0.183245581978874
29279,0.6445030602825904,0.3554969397174096
29280,0.6492659628267285,0.3507340371732714
29281,0.8302300300655823,0.1697699699344177
29282,0.23842596590884235,0.7615740340911576
29283,0.650720197489517,0.34927980251048296
29284,0.758831351558234,0.241168648441766
29285,0.6777117150328744,0.3222882849671256
29286,0.7759442263984838,0.22405577360151616
29287,0.14228958237896894,0.8577104176210311
29288,0.4975560751706436,0.5024439248293564
29289,0.6468504611428563,0.3531495388571438
29290,0.6475661180147434,0.35243388198525655
29291,0.14827101355239003,0.85172898644761
29292,0.9104789508767959,0.08952104912320419
29293,0.09512226327006745,0.9048777367299325
29294,0.8386344072798246,0.16136559272017534
29295,0.7807898418599172,0.21921015814008282
29296,0.06579859463485149,0.9342014053651485
29297,0.6613863871465823,0.33861361285341773
29298,0.7239296174724774,0.27607038252752253
29299,0.5597474798820983,0.4402525201179017
29300,0.8339494733243942,0.16605052667560583
29301,0.05203622844403277,0.9479637715559672
29302,0.4081493850873964,0.5918506149126036
29303,0.7375455554798582,0.2624544445201418
29304,0.31422824792318615,0.6857717520768138
29305,0.7207562716677804,0.27924372833221955
29306,0.5985376906457723,0.40146230935422766
29307,0.4057202822795548,0.5942797177204452
29308,0.6395826498364368,0.36041735016356324
29309,0.7527891013720733,0.24721089862792672
29310,0.17090759969751934,0.8290924003024807
29311,0.5887738279960537,0.4112261720039463
29312,0.39202141126468315,0.6079785887353168
29313,0.09472193425635922,0.9052780657436408
29314,0.6226644549579059,0.37733554504209416
29315,0.5841907033486655,0.4158092966513345
29316,0.6798018056037587,0.32019819439624136
29317,0.3205968721295652,0.6794031278704348
29318,0.664242319417792,0.335757680582208
29319,0.7419773851706941,0.25802261482930594
29320,0.8246353464992272,0.17536465350077282
29321,0.7080336499836548,0.2919663500163452
29322,0.6373048650087114,0.3626951349912886
29323,0.13867633468319862,0.8613236653168014
29324,0.8454537420349999,0.1545462579650001
29325,0.6133024630961342,0.38669753690386577
29326,0.6319070743849958,0.3680929256150042
29327,0.5546645961829733,0.4453354038170267
29328,0.7242425611267107,0.2757574388732893
29329,0.604961993341931,0.39503800665806904
29330,0.8218930352593532,0.17810696474064686
29331,0.6189748628260441,0.38102513717395586
29332,0.6345223915192164,0.36547760848078353
29333,0.8280219113466769,0.17197808865332312
29334,0.6203933931437124,0.37960660685628755
29335,0.619742571269212,0.380257428730788
29336,0.7629959208921835,0.23700407910781654
29337,0.3622212104700794,0.6377787895299206
29338,0.6804875629239471,0.3195124370760529
29339,0.1821598516290236,0.8178401483709764
29340,0.32306849661070913,0.6769315033892909
29341,0.30260421387786485,0.6973957861221352
29342,0.5178223952263534,0.4821776047736465
29343,0.12688865627021595,0.873111343729784
29344,0.703960569804889,0.29603943019511103
29345,0.6601011109557327,0.33989888904426735
29346,0.25810870248708284,0.7418912975129172
29347,0.8438896761294336,0.15611032387056642
29348,0.44202099336776246,0.5579790066322375
29349,0.6481970659681139,0.3518029340318861
29350,0.6327117027032079,0.3672882972967921
29351,0.8801652550869753,0.11983474491302469
29352,0.5052666084505157,0.49473339154948426
29353,0.6067307541042571,0.39326924589574286
29354,0.8802204908837817,0.11977950911621828
29355,0.45533350721688437,0.5446664927831156
29356,0.5819944532246166,0.4180055467753833
29357,0.17236051617384496,0.827639483826155
29358,0.21684054410031328,0.7831594558996867
29359,0.7256235521570811,0.27437644784291887
29360,0.4543600366138095,0.5456399633861905
29361,0.5331492498252349,0.4668507501747651
29362,0.625433270567998,0.374566729432002
29363,0.6771765775433165,0.32282342245668355
29364,0.7642966944740622,0.2357033055259378
29365,0.5786567322367517,0.4213432677632483
29366,0.6365877659158214,0.3634122340841786
29367,0.0174465655113879,0.9825534344886121
29368,0.6447973107151954,0.35520268928480464
29369,0.7734184204598015,0.22658157954019856
29370,0.8891698412526996,0.11083015874730046
29371,0.7447062540305398,0.25529374596946025
29372,0.5519220384273402,0.44807796157265983
29373,0.7286091444739371,0.27139085552606285
29374,0.8928406748962457,0.10715932510375428
29375,0.40068200000819165,0.5993179999918083
29376,0.6201383959624864,0.3798616040375136
29377,0.7330135436397776,0.2669864563602224
29378,0.6210358356145395,0.37896416438546054
29379,0.45230878704535404,0.547691212954646
29380,0.5505537035614805,0.4494462964385195
29381,0.39586047162932725,0.6041395283706728
29382,0.5897366047150201,0.4102633952849799
29383,0.6594333721275478,0.34056662787245223
29384,0.8286381827968796,0.17136181720312033
29385,0.6375596678759918,0.3624403321240082
29386,0.8217459080953474,0.17825409190465255
29387,0.6170369921216718,0.3829630078783282
29388,0.6185926187796114,0.3814073812203887
29389,0.5363187214861892,0.4636812785138108
29390,0.6069940058712406,0.39300599412875936
29391,0.9263963269564384,0.07360367304356168
29392,0.42438371745624415,0.5756162825437559
29393,0.8945787595175083,0.10542124048249167
29394,0.6214547697766928,0.37854523022330716
29395,0.7353475283045523,0.26465247169544764
29396,0.5455032585217974,0.45449674147820257
29397,0.6996776919838192,0.3003223080161808
29398,0.42392663682836174,0.5760733631716383
29399,0.41865423558318504,0.581345764416815
29400,0.5935625956924796,0.4064374043075204
29401,0.6620996078279628,0.3379003921720372
29402,0.5983779395354398,0.4016220604645602
29403,0.6716469926905668,0.3283530073094332
29404,0.7425026483335313,0.2574973516664687
29405,0.9173995361469076,0.08260046385309235
29406,0.7436206656334947,0.25637933436650534
29407,0.6510392951477018,0.3489607048522983
29408,0.6066202461695525,0.3933797538304475
29409,0.2456386508582814,0.7543613491417186
29410,0.6143382721761153,0.3856617278238847
29411,0.6564527937432058,0.34354720625679425
29412,0.4475505387738392,0.5524494612261608
29413,0.43043329951374476,0.5695667004862552
29414,0.27725253516832016,0.7227474648316798
29415,0.6535755381595187,0.3464244618404812
29416,0.4406345252481959,0.5593654747518041
29417,0.69757005122582,0.30242994877417995
29418,0.6099343142784989,0.39006568572150113
29419,0.026578160445688725,0.9734218395543113
29420,0.7809317785230948,0.2190682214769052
29421,0.6388718241405024,0.36112817585949764
29422,0.7949575284247,0.20504247157529995
29423,0.6159423759291383,0.38405762407086175
29424,0.910738405503844,0.08926159449615596
29425,0.6371923047736163,0.3628076952263837
29426,0.5288090645229586,0.47119093547704144
29427,0.6453704288383232,0.3546295711616768
29428,0.3228451066355138,0.6771548933644862
29429,0.6054276439216104,0.3945723560783896
29430,0.6758939737657841,0.32410602623421586
29431,0.6259238236310498,0.37407617636895024
29432,0.3223510382305599,0.6776489617694401
29433,0.30570874259415204,0.694291257405848
29434,0.7193153361408153,0.2806846638591846
29435,0.8095887922996796,0.19041120770032044
29436,0.5405674333461521,0.45943256665384796
29437,0.21335556324909843,0.7866444367509016
29438,0.6180761607854841,0.38192383921451584
29439,0.8513670718530093,0.14863292814699064
29440,0.5614900156623386,0.43850998433766136
29441,0.8255919081933456,0.17440809180665434
29442,0.7279518695715398,0.2720481304284602
29443,0.521566626567139,0.47843337343286096
29444,0.7301473696670657,0.2698526303329342
29445,0.4818301510243238,0.5181698489756762
29446,0.7003946977892502,0.29960530221074977
29447,0.8275203759320985,0.17247962406790152
29448,0.6212106856751785,0.3787893143248215
29449,0.47873784015810406,0.521262159841896
29450,0.5214933564006753,0.4785066435993247
29451,0.39741115772936964,0.6025888422706304
29452,0.05165961756346482,0.9483403824365352
29453,0.5059689580603083,0.4940310419396917
29454,0.6504649444074082,0.34953505559259174
29455,0.6413948832345704,0.3586051167654296
29456,0.3071667076613981,0.6928332923386019
29457,0.5429990640238722,0.45700093597612784
29458,0.9092994939887266,0.09070050601127341
29459,0.7938088583548482,0.20619114164515184
29460,0.41010740959058845,0.5898925904094116
29461,0.6488414821628814,0.35115851783711866
29462,0.8434219535223302,0.15657804647766987
29463,0.6644784547651545,0.33552154523484545
29464,0.7046632789056985,0.29533672109430154
29465,0.6481057072343197,0.35189429276568035
29466,0.795014938932181,0.20498506106781902
29467,0.0879718780592672,0.9120281219407328
29468,0.7237853969233055,0.2762146030766945
29469,0.4957101410714593,0.5042898589285407
29470,0.6217363098749521,0.3782636901250479
29471,0.5105702978693072,0.48942970213069276
29472,0.6675008041238599,0.33249919587614013
29473,0.5398714703226404,0.4601285296773596
29474,0.40217549286095444,0.5978245071390456
29475,0.7340182065753397,0.26598179342466033
29476,0.655734782355883,0.344265217644117
29477,0.8015928709867124,0.19840712901328758
29478,0.038858610193707954,0.961141389806292
29479,0.40380821321411,0.59619178678589
29480,0.7283875878588202,0.27161241214117976
29481,0.5129986519621004,0.48700134803789963
29482,0.8085586154347273,0.19144138456527268
29483,0.6974514230444031,0.30254857695559695
29484,0.75377400629923,0.24622599370077003
29485,0.718579635919964,0.281420364080036
29486,0.6679516547090697,0.3320483452909303
29487,0.7368965407491341,0.2631034592508658
29488,0.4905281187475864,0.5094718812524136
29489,0.8937316001874845,0.10626839981251547
29490,0.4685710028026896,0.5314289971973104
29491,0.7216597871372692,0.27834021286273086
29492,0.5393477193022975,0.4606522806977024
29493,0.5465954053728933,0.4534045946271067
29494,0.15097952595927677,0.8490204740407232
29495,0.8314887894913917,0.16851121050860826
29496,0.7238323288478322,0.2761676711521678
29497,0.4044829075961126,0.5955170924038874
29498,0.2656482677230375,0.7343517322769625
29499,0.4108149963159895,0.5891850036840105
29500,0.661742232824412,0.33825776717558803
29501,0.025633479738471965,0.974366520261528
29502,0.4698834798391076,0.5301165201608924
29503,0.6044798670738102,0.3955201329261898
29504,0.14809430291917014,0.8519056970808299
29505,0.11368335842578459,0.8863166415742154
29506,0.5250187858445388,0.4749812141554613
29507,0.6632285004649341,0.33677149953506597
29508,0.5229727565935922,0.47702724340640784
29509,0.8173966971119406,0.18260330288805934
29510,0.35261817027253783,0.6473818297274622
29511,0.5391402059310998,0.4608597940689002
29512,0.32306849661070913,0.6769315033892909
29513,0.3487424359980179,0.6512575640019821
29514,0.4533632631425123,0.5466367368574877
29515,0.7257045513771108,0.2742954486228892
29516,0.5609821403230855,0.4390178596769146
29517,0.5823550004085131,0.41764499959148693
29518,0.6660560105402223,0.33394398945977766
29519,0.7287651985121658,0.2712348014878342
29520,0.7262862190842952,0.27371378091570475
29521,0.5181569608474349,0.4818430391525651
29522,0.7282261055863086,0.2717738944136913
29523,0.4786166754127539,0.5213833245872461
29524,0.022494074071217285,0.9775059259287827
29525,0.1395197524397127,0.8604802475602873
29526,0.6647848856512684,0.3352151143487316
29527,0.6093050298951623,0.39069497010483767
29528,0.7859903122300735,0.21400968776992643
29529,0.4905618782116715,0.5094381217883285
29530,0.4264679180666697,0.5735320819333303
29531,0.6310790477352386,0.36892095226476135
29532,0.37619830667423304,0.623801693325767
29533,0.8344266878123752,0.16557331218762483
29534,0.2996400547475615,0.7003599452524385
29535,0.5066917927396026,0.4933082072603974
29536,0.29592589814119397,0.704074101858806
29537,0.6966031293764474,0.3033968706235526
29538,0.6578291097048794,0.34217089029512066
29539,0.0572587465141049,0.9427412534858951
29540,0.6280755489078702,0.37192445109212985
29541,0.5421781938273199,0.4578218061726801
29542,0.26631469054886037,0.7336853094511396
29543,0.8275968882334863,0.17240311176651363
29544,0.5480000976373784,0.4519999023626216
29545,0.614989573477503,0.385010426522497
29546,0.6197252597741751,0.3802747402258248
29547,0.6267444109782874,0.3732555890217126
29548,0.5976497449161606,0.40235025508383937
29549,0.43344348949676337,0.5665565105032366
29550,0.7553281395607676,0.24467186043923234
29551,0.07216419024376808,0.9278358097562319
29552,0.6293355914480152,0.37066440855198474
29553,0.7181474541693895,0.2818525458306104
29554,0.5704354635898352,0.42956453641016484
29555,0.5601147117587744,0.4398852882412257
29556,0.6354935938208908,0.3645064061791092
29557,0.044035782733893414,0.9559642172661066
29558,0.31094793700960277,0.6890520629903972
29559,0.3993450768405219,0.6006549231594781
29560,0.5931484374280405,0.40685156257195954
29561,0.24213048137581483,0.7578695186241852
29562,0.3309961714485343,0.6690038285514657
29563,0.7113752896440036,0.28862471035599635
29564,0.4398515521864903,0.5601484478135097
29565,0.7372424939965576,0.2627575060034424
29566,0.4008529261943079,0.5991470738056921
29567,0.5545657226055769,0.44543427739442304
29568,0.5985245059819571,0.4014754940180429
29569,0.24103157295304245,0.7589684270469575
29570,0.21333388974039968,0.7866661102596003
29571,0.04479345293280812,0.9552065470671919
29572,0.8073216098822896,0.19267839011771037
29573,0.6513410600117029,0.3486589399882971
29574,0.18341593675274215,0.8165840632472579
29575,0.5638838230393894,0.4361161769606105
29576,0.1916428905544466,0.8083571094455534
29577,0.22269516325654637,0.7773048367434536
29578,0.4651646115988859,0.5348353884011141
29579,0.8450968932645628,0.1549031067354372
29580,0.026506828316858466,0.9734931716831415
29581,0.7291499641523904,0.2708500358476096
29582,0.7771259699342679,0.22287403006573217
29583,0.47413400647236037,0.5258659935276396
29584,0.512564244800771,0.48743575519922905
29585,0.8579266983343093,0.14207330166569063
29586,0.4204114584057863,0.5795885415942137
29587,0.6605348190455427,0.3394651809544574
29588,0.6318042077265758,0.36819579227342425
29589,0.5961230840093228,0.40387691599067715
29590,0.4566019570331358,0.5433980429668642
29591,0.12486047927788635,0.8751395207221137
29592,0.6251418571792431,0.3748581428207569
29593,0.5150036071997066,0.48499639280029344
29594,0.4810170666899477,0.5189829333100523
29595,0.4751657975474002,0.5248342024525998
29596,0.9017643109245367,0.09823568907546333
29597,0.8243098621100827,0.17569013788991725
29598,0.7470318299029421,0.25296817009705785
29599,0.6951161978058775,0.3048838021941224
29600,0.7158868658090354,0.2841131341909647
29601,0.7234287188389423,0.2765712811610577
29602,0.7981049450646394,0.20189505493536064
29603,0.6846814855673649,0.3153185144326352
29604,0.23693827560723435,0.7630617243927657
29605,0.6087504292662987,0.39124957073370126
29606,0.39638832758669873,0.6036116724133013
29607,0.2180707351812936,0.7819292648187064
29608,0.6529197492526635,0.3470802507473365
29609,0.2948219888209188,0.7051780111790812
29610,0.6010843095211669,0.3989156904788332
29611,0.9208024743312481,0.07919752566875196
29612,0.5437669040199723,0.4562330959800277
29613,0.21026966076283427,0.7897303392371657
29614,0.6746153383103694,0.32538466168963065
29615,0.11186229796058056,0.8881377020394194
29616,0.4189936308250336,0.5810063691749664
29617,0.7896390697958718,0.21036093020412816
29618,0.5396733369810873,0.4603266630189127
29619,0.6273829392887176,0.3726170607112824
29620,0.24365720746666653,0.7563427925333335
29621,0.2250069055718622,0.7749930944281378
29622,0.6558076994189476,0.34419230058105243
29623,0.038685304118231234,0.9613146958817688
29624,0.7501503755532288,0.2498496244467711
29625,0.6351505530477193,0.3648494469522808
29626,0.6144174476594939,0.38558255234050615
29627,0.601602347814002,0.398397652185998
29628,0.7333724475278367,0.26662755247216335
29629,0.7448353783457557,0.2551646216542443
29630,0.7534291953354597,0.24657080466454034
29631,0.6344245328083591,0.36557546719164097
29632,0.5316746743143345,0.46832532568566554
29633,0.5173069893748874,0.4826930106251126
29634,0.6633438103361602,0.33665618966383987
29635,0.7631335638673928,0.2368664361326072
29636,0.6499576955903031,0.35004230440969686
29637,0.38168791697070303,0.618312083029297
29638,0.5089423360016991,0.49105766399830086
29639,0.599049162040656,0.4009508379593441
29640,0.6945579907536553,0.3054420092463447
29641,0.6354993707016903,0.36450062929830973
29642,0.6143353536339713,0.38566464636602865
29643,0.1265436026952379,0.8734563973047621
29644,0.1401734539086329,0.8598265460913671
29645,0.5006878847570531,0.49931211524294694
29646,0.6865319911678966,0.3134680088321033
29647,0.707442858429754,0.29255714157024604
29648,0.6433520761141515,0.35664792388584854
29649,0.7129164089739577,0.2870835910260423
29650,0.8605560105688572,0.13944398943114283
29651,0.19714201119823138,0.8028579888017686
29652,0.1638140581119778,0.8361859418880222
29653,0.8584872793613219,0.1415127206386782
29654,0.6127210817470697,0.38727891825293026
29655,0.5839285911455309,0.41607140885446914
29656,0.9355281226184735,0.06447187738152647
29657,0.621129200606445,0.3788707993935549
29658,0.5900353753032481,0.4099646246967519
29659,0.5969492565657408,0.4030507434342592
29660,0.6966033450639022,0.30339665493609774
29661,0.37141974160282054,0.6285802583971795
29662,0.9271093684532384,0.07289063154676154
29663,0.6856996626272469,0.3143003373727531
29664,0.6385079949895939,0.3614920050104061
29665,0.5449046079598806,0.4550953920401194
29666,0.027603130583163216,0.9723968694168368
29667,0.8377061396031045,0.1622938603968955
29668,0.10485082141396351,0.8951491785860365
29669,0.26944969637751837,0.7305503036224816
29670,0.6039530180936439,0.39604698190635607
29671,0.07654730052204362,0.9234526994779564
29672,0.6677726204927242,0.33222737950727577
29673,0.4097839406997382,0.5902160593002618
29674,0.8420320160291227,0.1579679839708773
29675,0.6326702590501057,0.3673297409498944
29676,0.8052213762005321,0.1947786237994679
29677,0.4982604909520699,0.5017395090479301
29678,0.6076318565152574,0.3923681434847425
29679,0.24970946200725086,0.7502905379927491
29680,0.7121573956334863,0.28784260436651365
29681,0.2518112170163308,0.7481887829836692
29682,0.39893893794423174,0.6010610620557683
29683,0.6105885923657874,0.3894114076342125
29684,0.5657988671587542,0.4342011328412459
29685,0.7483071684148233,0.2516928315851768
29686,0.6501408722503892,0.34985912774961087
29687,0.876499747082364,0.12350025291763603
29688,0.14012413911021737,0.8598758608897826
29689,0.05868311513803237,0.9413168848619676
29690,0.5264084107515501,0.47359158924844996
29691,0.7419988031661284,0.2580011968338715
29692,0.7036501584567751,0.29634984154322486
29693,0.7172973739678736,0.2827026260321264
29694,0.8806969454555513,0.11930305454444862
29695,0.633970442637164,0.36602955736283604
29696,0.5383651616178637,0.4616348383821362
29697,0.8204274521213974,0.17957254787860252
29698,0.34739644806924674,0.6526035519307533
29699,0.5903756575754172,0.4096243424245828
29700,0.7355490480139106,0.2644509519860894
29701,0.31158966171519753,0.6884103382848025
29702,0.1468767077481019,0.8531232922518981
29703,0.704125679992776,0.295874320007224
29704,0.6459849601456771,0.354015039854323
29705,0.5089007080103507,0.49109929198964924
29706,0.35518757572170656,0.6448124242782934
29707,0.91538314881497,0.08461685118503001
29708,0.23731886698493165,0.7626811330150683
29709,0.23836115851727968,0.7616388414827203
29710,0.4874477216502784,0.5125522783497216
29711,0.7197022199756824,0.2802977800243176
29712,0.41918032665296945,0.5808196733470306
29713,0.7331590688346907,0.26684093116530927
29714,0.4710299156862613,0.5289700843137387
29715,0.6428937288990555,0.35710627110094456
29716,0.2655024643267936,0.7344975356732064
29717,0.08108802800669956,0.9189119719933004
29718,0.7193978359176496,0.2806021640823504
29719,0.7111594880915112,0.2888405119084888
29720,0.6872581977630696,0.3127418022369303
29721,0.7034449720604905,0.2965550279395095
29722,0.6815302527509446,0.31846974724905547
29723,0.5204486619466331,0.4795513380533669
29724,0.07482416488389931,0.9251758351161007
29725,0.6560308561374657,0.34396914386253424
29726,0.6193786702848907,0.3806213297151093
29727,0.0275827069928698,0.9724172930071302
29728,0.637684892331886,0.36231510766811403
29729,0.4484535027561791,0.5515464972438209
29730,0.7294970250279584,0.2705029749720415
29731,0.5448277113884747,0.45517228861152526
29732,0.4056414341340764,0.5943585658659236
29733,0.10474475670450178,0.8952552432954982
29734,0.7518165818058654,0.24818341819413456
29735,0.5121193322152778,0.48788066778472217
29736,0.11763629600315917,0.8823637039968408
29737,0.7842094066955695,0.21579059330443054
29738,0.13384999965019706,0.8661500003498029
29739,0.6590387013062673,0.34096129869373276
29740,0.9181567714565454,0.08184322854345456
29741,0.910229050423652,0.08977094957634803
29742,0.6229422307033545,0.3770577692966454
29743,0.6245081694664423,0.3754918305335577
29744,0.4233804799644504,0.5766195200355496
29745,0.053491852303938936,0.9465081476960611
29746,0.5112685047669379,0.4887314952330622
29747,0.4394458305749167,0.5605541694250833
29748,0.07239304960978687,0.9276069503902131
29749,0.6946510673889957,0.30534893261100426
29750,0.5847324088003328,0.41526759119966716
29751,0.5991127765391588,0.40088722346084116
29752,0.6592868061866408,0.3407131938133592
29753,0.4074930508240775,0.5925069491759225
29754,0.7449039919732958,0.25509600802670424
29755,0.36758232706626215,0.6324176729337379
29756,0.09856451293111923,0.9014354870688808
29757,0.30474335862373414,0.6952566413762659
29758,0.5876186013215867,0.4123813986784132
29759,0.6631044666069436,0.33689553339305645
29760,0.27138451926337004,0.72861548073663
29761,0.47027990539524134,0.5297200946047587
29762,0.761442201221045,0.23855779877895497
29763,0.6285223595353764,0.37147764046462367
29764,0.5968624064814513,0.4031375935185487
29765,0.5387069611033823,0.4612930388966176
29766,0.534652192080179,0.465347807919821
29767,0.42011311244382454,0.5798868875561755
29768,0.2176961130995485,0.7823038869004515
29769,0.6503549670726911,0.3496450329273088
29770,0.6687542891298894,0.33124571087011057
29771,0.026506828316858466,0.9734931716831415
29772,0.3190629320059666,0.6809370679940334
29773,0.7148724247830786,0.28512757521692145
29774,0.5781901003314911,0.42180989966850885
29775,0.6722519860649397,0.32774801393506026
29776,0.3544115927189855,0.6455884072810145
29777,0.658211010442862,0.341788989557138
29778,0.8001270420558173,0.1998729579441827
29779,0.21415928161983921,0.7858407183801608
29780,0.633990703801828,0.3660092961981721
29781,0.7806837359444442,0.21931626405555582
29782,0.49477693434502135,0.5052230656549787
29783,0.5799354520731339,0.42006454792686604
29784,0.3283030896664558,0.6716969103335442
29785,0.5517120115479959,0.44828798845200407
29786,0.1311352911363296,0.8688647088636704
29787,0.6140404294763131,0.38595957052368685
29788,0.3168931028338755,0.6831068971661245
29789,0.544410382626797,0.4555896173732031
29790,0.6010124834071261,0.3989875165928739
29791,0.8165248481269533,0.18347515187304672
29792,0.9117855365175217,0.08821446348247834
29793,0.49687856079071324,0.5031214392092868
29794,0.5937241897283763,0.40627581027162374
29795,0.7683222678914613,0.2316777321085387
29796,0.674122174745957,0.32587782525404296
29797,0.6142633130753359,0.3857366869246641
29798,0.6687789167567253,0.33122108324327465
29799,0.26017683578818196,0.739823164211818
29800,0.0536473812948588,0.9463526187051412
29801,0.6847213690869705,0.3152786309130295
29802,0.08389604097540959,0.9161039590245904
29803,0.639632727714789,0.36036727228521104
29804,0.7293189722102755,0.2706810277897244
29805,0.14760768024628101,0.852392319753719
29806,0.6172545280626238,0.3827454719373761
29807,0.6180194860151849,0.38198051398481514
29808,0.6337094802081265,0.3662905197918736
29809,0.7377358936394565,0.2622641063605435
29810,0.2540208073427518,0.7459791926572482
29811,0.5949727868548778,0.4050272131451223
29812,0.8240616705753556,0.17593832942464444
29813,0.7444058935274178,0.2555941064725822
29814,0.8238101100813683,0.1761898899186317
29815,0.2028353686366925,0.7971646313633075
29816,0.5320805923292,0.4679194076708
29817,0.5350394198024592,0.46496058019754083
29818,0.1903483593830484,0.8096516406169516
29819,0.5230241563409839,0.4769758436590162
29820,0.555561401103256,0.444438598896744
29821,0.7227233875877648,0.27727661241223517
29822,0.8995798825631822,0.10042011743681774
29823,0.5990948183163034,0.40090518168369654
29824,0.36758232706626215,0.6324176729337379
29825,0.041243631366728484,0.9587563686332715
29826,0.6789089566035631,0.32109104339643685
29827,0.6653494087404983,0.3346505912595017
29828,0.14488737051749068,0.8551126294825093
29829,0.3576250904182301,0.6423749095817699
29830,0.6648391764963695,0.33516082350363047
29831,0.4164285280101784,0.5835714719898216
29832,0.6174494491202855,0.3825505508797144
29833,0.6217957297857115,0.37820427021428843
29834,0.38919976465258777,0.6108002353474122
29835,0.6720914448191063,0.3279085551808937
29836,0.6888488575911926,0.31115114240880737
29837,0.39519257350477865,0.6048074264952213
29838,0.4118522491260427,0.5881477508739573
29839,0.6817641490969697,0.31823585090303036
29840,0.7475837849880919,0.25241621501190814
29841,0.06833009236408749,0.9316699076359125
29842,0.66374733189536,0.3362526681046401
29843,0.9017907850333198,0.09820921496668028
29844,0.07636486837461987,0.9236351316253801
29845,0.866006475071252,0.13399352492874803
29846,0.2378178736498472,0.7621821263501528
29847,0.6575470797702836,0.34245292022971646
29848,0.972143517860906,0.027856482139094026
29849,0.05564071744295673,0.9443592825570433
29850,0.6856996626272469,0.3143003373727531
29851,0.553382505102689,0.4466174948973109
29852,0.5454022158617817,0.4545977841382182
29853,0.5576758524681904,0.44232414753180954
29854,0.42604487576982,0.57395512423018
29855,0.8484564368039279,0.15154356319607207
29856,0.32656321186879633,0.6734367881312037
29857,0.6636393739273023,0.3363606260726976
29858,0.5662086664475939,0.43379133355240607
29859,0.4604319868629917,0.5395680131370083
29860,0.6947164928678932,0.30528350713210683
29861,0.7021468983498955,0.2978531016501045
29862,0.8342025572559533,0.16579744274404676
29863,0.4834142294536571,0.5165857705463429
29864,0.6697290753606103,0.3302709246393897
29865,0.8068254989018239,0.1931745010981761
29866,0.24373167578911858,0.7562683242108814
29867,0.0750504064399995,0.9249495935600005
29868,0.8063409965561346,0.19365900344386539
29869,0.7534013991399197,0.24659860086008034
29870,0.4308936522827962,0.5691063477172038
29871,0.5681288136536042,0.4318711863463958
29872,0.6852462482816615,0.31475375171833847
29873,0.5890815445828443,0.41091845541715566
29874,0.7044640432309353,0.2955359567690647
29875,0.6695409862437943,0.3304590137562057
29876,0.6398693608653292,0.36013063913467086
29877,0.80081984112253,0.19918015887747
29878,0.8933502473695356,0.10664975263046444
29879,0.710735817714173,0.28926418228582695
29880,0.7530736073353745,0.2469263926646255
29881,0.5726638155716719,0.42733618442832805
29882,0.7420586927174506,0.2579413072825493
29883,0.5713409204654119,0.42865907953458815
29884,0.9264361862017428,0.07356381379825717
29885,0.28755195285519897,0.712448047144801
29886,0.5898836730684411,0.4101163269315589
29887,0.8207692273343653,0.17923077266563472
29888,0.6615026705483626,0.33849732945163735
29889,0.8010174240656507,0.19898257593434937
29890,0.7907010498003102,0.20929895019968986
29891,0.4709418668949473,0.5290581331050527
29892,0.5929073490957902,0.40709265090420976
29893,0.5169559086956801,0.4830440913043199
29894,0.6590024531328009,0.3409975468671991
29895,0.5807062002420358,0.41929379975796416
29896,0.6626552228518259,0.3373447771481742
29897,0.03470717950906532,0.9652928204909347
29898,0.6077631994277279,0.392236800572272
29899,0.42319387004568243,0.5768061299543176
29900,0.6860677021293524,0.3139322978706475
29901,0.5731287610420446,0.4268712389579555
29902,0.4007000275953684,0.5992999724046316
29903,0.771367417703033,0.2286325822969671
29904,0.7875148273254066,0.21248517267459344
29905,0.7007878007422855,0.2992121992577145
29906,0.32696343751139045,0.6730365624886095
29907,0.8820364057801374,0.11796359421986259
29908,0.6119831393524855,0.38801686064751445
29909,0.45485809761193086,0.5451419023880691
29910,0.5215191905256624,0.47848080947433763
29911,0.5034781317517496,0.49652186824825034
29912,0.5112845500320207,0.48871544996797933
29913,0.6315056734374971,0.3684943265625029
29914,0.8356753117446035,0.16432468825539648
29915,0.8568654829479467,0.1431345170520532
29916,0.1406157282134568,0.8593842717865432
29917,0.7443378112633409,0.25566218873665914
29918,0.32531855473934324,0.6746814452606568
29919,0.6998105909633578,0.3001894090366422
29920,0.22582856378456084,0.7741714362154392
29921,0.2737109815856811,0.7262890184143189
29922,0.8219947674654751,0.17800523253452494
29923,0.2906378360799583,0.7093621639200417
29924,0.5491549143975447,0.45084508560245523
29925,0.5855415344582648,0.4144584655417352
29926,0.8926204322005645,0.10737956779943549
29927,0.05738498189539798,0.942615018104602
29928,0.610344248216186,0.389655751783814
29929,0.4993341786864932,0.5006658213135068
29930,0.6295400135768179,0.3704599864231822
29931,0.12053732882986101,0.879462671170139
29932,0.6059604597193753,0.39403954028062477
29933,0.24151465027012686,0.7584853497298731
29934,0.3614760213967638,0.6385239786032362
29935,0.7141706703144413,0.2858293296855587
29936,0.723247627538314,0.276752372461686
29937,0.7561559464441849,0.24384405355581507
29938,0.8332373807959035,0.16676261920409646
29939,0.08673576628798785,0.9132642337120122
29940,0.7368639397210749,0.2631360602789251
29941,0.3847153234410663,0.6152846765589337
29942,0.4694289409284852,0.5305710590715148
29943,0.5679310424605726,0.4320689575394274
29944,0.8711473176607696,0.12885268233923047
29945,0.12974044373495042,0.8702595562650496
29946,0.5909296343052026,0.40907036569479743
29947,0.7079490473073642,0.29205095269263576
29948,0.4736149185610732,0.5263850814389268
29949,0.8290270831889935,0.17097291681100643
29950,0.7068975980378216,0.29310240196217835
29951,0.41619207903119804,0.583807920968802
29952,0.8039818935451544,0.1960181064548456
29953,0.6589477454962425,0.3410522545037575
29954,0.707865043263249,0.29213495673675105
29955,0.6491845080652625,0.35081549193473754
29956,0.5432736960286294,0.4567263039713706
29957,0.6248731488741354,0.37512685112586464
29958,0.9170751499722517,0.0829248500277483
29959,0.7975550521804116,0.20244494781958844
29960,0.84762708125079,0.15237291874921005
29961,0.592199101169608,0.40780089883039194
29962,0.7163773402086822,0.2836226597913178
29963,0.2836938015544035,0.7163061984455965
29964,0.9822977626517234,0.01770223734827656
29965,0.7416018121899157,0.25839818781008433
29966,0.6938526714172368,0.3061473285827631
29967,0.3695393313026374,0.6304606686973626
29968,0.5282534308132532,0.4717465691867469
29969,0.6805691876997131,0.31943081230028697
29970,0.7744409609227465,0.22555903907725353
29971,0.8965739674464215,0.1034260325535785
29972,0.625895918377899,0.37410408162210096
29973,0.8818306347353156,0.11816936526468431
29974,0.37619830667423304,0.623801693325767
29975,0.2263911776005899,0.7736088223994101
29976,0.8927125618004523,0.10728743819954767
29977,0.034076187729866536,0.9659238122701335
29978,0.8026763015243932,0.19732369847560685
29979,0.6595774035201889,0.34042259647981105
29980,0.4794780235198025,0.5205219764801975
29981,0.7565690053848276,0.24343099461517237
29982,0.1636710964853707,0.8363289035146293
29983,0.5705766003240351,0.42942339967596493
29984,0.5834261750625664,0.4165738249374336
29985,0.5199932489238333,0.4800067510761667
29986,0.5215191905256624,0.47848080947433763
29987,0.5043195303627426,0.4956804696372574
29988,0.7831222055847026,0.21687779441529745
29989,0.5763146336572091,0.4236853663427909
29990,0.5800243269229822,0.4199756730770178
29991,0.6994764302369277,0.30052356976307226
29992,0.02710164779629054,0.9728983522037095
29993,0.5083705320733365,0.49162946792666357
29994,0.8405801268528053,0.15941987314719472
29995,0.05787951681081205,0.942120483189188
29996,0.7840482774051052,0.2159517225948948
29997,0.5249418416565904,0.4750581583434096
29998,0.08503822922833582,0.9149617707716642
29999,0.6851645177715276,0.31483548222847235
30000,0.5527337997113733,0.44726620028862674
